,pdq,pdqs,aic,rmse
0,"(0, 0, 0)","(0, 0, 0, 12)",-6395.127659594173,0.11574419017910083
